therapeutic,search_term,score,match_reason,source,id,pmid,doi,title,abstract,journal,year,month,first_publication_date,citedByCount,pub_types,is_open_access,pubmed_url,europe_pmc_url
abciximab,abciximab,6.84,alias_in_title;alias_in_abstract;term_hits=7;recency=0.705;citedByCount=11;clinical_pubtype;clinical_hits=3,MED,30418157,30418157,10.4244/eij-d-18-00885,Intracoronary tenecteplase versus abciximab as adjunctive treatment during primary percutaneous coronary intervention in patients with anterior myocardial infarction.,"<h4>Aims</h4>We sought to compare the effects of intracoronary administration of a fibrinolytic drug (tenecteplase) to those of a glycoprotein IIb/IIIa inhibitor (abciximab) in patients with ST-elevation myocardial infarction (STEMI) undergoing primary percutaneous coronary intervention (PPCI).<h4>Methods and results</h4>In this pilot trial, 76 patients (59 male) with anterior STEMI were randomised to intracoronary infusion of reduced-dose tenecteplase or abciximab during PPCI. Angiography was repeated at 48 hours to assess corrected TIMI frame count (cTFC) and TIMI myocardial perfusion grade (TMPG). The primary endpoint was infarct size as assessed by cardiac MRI. The abciximab group showed lower cTFC (median 14.1 [IQR 9.4-17.1]) than the tenecteplase group (18.2 [10.0-28.2]) (p=0.02), and the proportion of patients with TMPG grade 2/3 was higher in the abciximab group (90.3% vs. 67.7%; p=0.03). Major cardiac and cerebrovascular event rates did not differ; however, notably, 2/38 patients in the tenecteplase group experienced subacute stent thrombosis. At four months, there were no significant differences in infarct size between the tenecteplase and abciximab groups (17.0 g [9.6-27.5] vs. 21.1 g [11.3-35.0], p=0.33).<h4>Conclusions</h4>Intracoronary administration of tenecteplase did not reduce infarct size compared to abciximab in STEMI patients undergoing PPCI. Tenecteplase exhibited poorer myocardial reperfusion and might be associated with increased subacute stent thrombosis.",,2019,3,2019-03-01,11,"Randomized Controlled Trial, Journal Article",N,https://pubmed.ncbi.nlm.nih.gov/30418157/,https://europepmc.org/article/MED/30418157
abciximab,ReoPro,6.824,alias_in_title;alias_in_abstract;term_hits=2;recency=0.287;citedByCount=74;clinical_pubtype;clinical_hits=4;preclinical_hits=1,MED,11514371,11514371,10.1161/hc3301.094533,Abciximab readministration: results of the ReoPro Readministration Registry.,"<h4>Background</h4>Platelet glycoprotein IIb/IIIa blockade with abciximab (ReoPro) improves the clinical outcomes of percutaneous coronary intervention. This registry was conducted to characterize the effects of repeated administration of abciximab during intervention.<h4>Methods and results</h4>We recruited 500 consecutive patients at 22 centers in the United States who were receiving abciximab for at least a second time during percutaneous coronary intervention. Safety was measured as the incidence of hypersensitivity reactions, major bleeding, and thrombocytopenia. Efficacy was assessed as event-free clinical success. Human antichimeric antibody (HACA) responses were also characterized. There were no cases of hypersensitivity (95% upper confidence bound, 0.3%), major bleeding, or death. Clinical success was 94.4%. Thrombocytopenia occurred in 23 patients (4.6%; 95% CI, 2.8% to 6.4%), including 12 (2.4%; 95% CI, 1.1% to 3.7%) who developed profound thrombocytopenia (<20x10(9) cells/L). In 2 patients (0.4%), profound thrombocytopenia did not develop until after hospital discharge; in 4 (0.8%), profound thrombocytopenia recurred despite platelet transfusion. Before a first readministration, a positive HACA titer was present in 22 of 454 patients (4.8%); after a first readministration, an additional 82 of 432 (19.0%) became HACA-positive. HACA did not neutralize the in vitro inhibition of platelet aggregation by abciximab or correlate with clinical events.<h4>Conclusions</h4>The results, including overall rates of thrombocytopenia, were consistent with randomized clinical trials of first abciximab treatment. However, there was a shift from mild to profound thrombocytopenia, and cases of delayed presentation and of recurrent thrombocytopenia were seen. These findings suggest that indications and guidelines for first-time use apply to retreatment, particularly the systematic monitoring for thrombocytopenia.",,2001,8,2001-08-01,74,"Clinical Trial, Research Support, Non-U.S. Gov't, Multicenter Study, Journal Article, Clinical Trial, Phase IV",N,https://pubmed.ncbi.nlm.nih.gov/11514371/,https://europepmc.org/article/MED/11514371
abciximab,ReoPro,6.777,alias_in_title;alias_in_abstract;term_hits=3;recency=0.497;citedByCount=4;clinical_pubtype;clinical_hits=3;biophysical_hits=1,MED,22613136,22613136,10.1186/1476-7120-10-21,Detection of coronary microembolization by Doppler ultrasound in patients with stable angina pectoris during percutaneous coronary interventions under an adjunctive antithrombotic therapy with abciximab: design and rationale of the High Intensity Transient Signals ReoPro (HITS-RP) study.,"<h4>Background</h4>Embolization of atherosclerotic debris from the rupture of a vulnerable atherosclerotic plaque occurs iatrogenically during percutaneous coronary interventions (PCI) and can induce myocardial necrosis. These microembolizations are detected as high intensity transient signals (HITS) using intracoronary Doppler technology.<h4>Presentation of the hypothesis</h4>In the presented study we will test if abciximab (ReoPro®) infusion reduces high intensity transient signals in patients with stable angina pectoris undergoing PCI in comparison to standard therapy alone.<h4>Testing the hypothesis</h4>The High Intensity Transient Signals ReoPro® (HITS-RP) study will enroll 60 patients. It is a prospective, single center, randomized, double-blinded, controlled trial. The study is designed to compare the efficacy of intravenous abciximab administration for reduction of microembolization during elective PCI. Patients will be randomized in a 1:1 fashion to abciximab or placebo infusion. The primary end point of the HITS-RP-Study is the number of HITS during PCI measured by intracoronary Doppler wire. Secondary endpoints are bleeding complications, elevation of cardiac biomarkers or ECG changes after percutaneous coronary interventions, changes in coronary flow velocity reserve, hs-CRP elevation, any major adverse cardio-vascular event during one month follow-up.<h4>Implications of the hypothesis</h4>The HITS-RP-Study addresses important questions regarding the efficacy of intravenous abciximab administration in reducing microembolization and periprocedural complications in stable angina pectoris patients undergoing PCI.<h4>Trial registration</h4>The trial is registered under http://www.drks-neu.uniklinik-freiburg.de/drks_web/:DRKS00000603.",,2012,5,2012-05-21,4,"Research Support, Non-U.S. Gov't, research-article, Randomized Controlled Trial, Journal Article",Y,https://pubmed.ncbi.nlm.nih.gov/22613136/,https://europepmc.org/article/MED/22613136
abciximab,ReoPro,6.695,alias_in_title;alias_in_abstract;term_hits=2;recency=0.287;citedByCount=26;clinical_pubtype;clinical_hits=3;biophysical_hits=1;preclinical_hits=1,MED,11231437,11231437,10.1067/mhj.2001.113391,Comparative 30-day economic and clinical outcomes of platelet glycoprotein IIb/IIIa inhibitor use during elective percutaneous coronary intervention: Prairie ReoPro versus Integrilin Cost Evaluation (PRICE) Trial.,"<h4>Objectives</h4>This study examined the economics, pharmacodynamics, and clinical outcomes among patients randomly assigned to receive either abciximab (ReoPro, Centocor, Inc, Malvern, Pa, and Eli Lilly & Company, Indianapolis, Ind) or eptifibatide (Integrilin, COR Therapeutics, Inc, South San Francisco, Calif, and Key Pharmaceuticals, Inc, Kenilworth, NJ) therapy during elective percutaneous coronary intervention (PCI).<h4>Background</h4>Clinical and safety outcomes after elective PCI with a high-dose eptifibatide treatment strategy have not previously been systematically evaluated. In addition, comparative economic and pharmacodynamic studies of platelet glycoprotein (GP) IIb/IIIa receptor antagonists during PCI are sparse.<h4>Methods</h4>This randomized, double-blind study assessed the 30-day economic and clinical outcomes of 320 consecutive patients undergoing elective coronary balloon angioplasty or stent implantation who were randomly assigned to receive adjunct abciximab (n = 163) or eptifibatide (n = 157) therapy. The primary study end point was total in-hospital costs based on an intention-to-treat analysis. A secondary end point included 30-day total hospital costs. A platelet aggregometry substudy was performed on 155 patients (abciximab: n = 74 and eptifibatide: n = 81) with use of the Ultegra Rapid Platelet Function Assay.<h4>Results</h4>Baseline demographic, angiographic, and procedural variables were similar between the two treatment groups. The median and interquartile ranges of total in-hospital costs were $8268 ($6505, $9958) and $7207 ($5659, $9307), respectively, between the abciximab- and eptifibatide-treated patients (P =.009). Median total costs at 30 days were $8336 ($6505, $10,126) and $7207 ($5659, $9431), respectively, between the abciximab- and eptifibatide-treated groups (P =.009). The composite secondary clinical end points (death/nonfatal myocardial infarction/urgent revascularization) occurred in 4.9% versus 5.1% of patients, respectively, by hospital discharge (P =.84) and in 5.6% versus 6.3% of patients, respectively, at 30 days (P =.95) in the abciximab and eptifibatide groups. With the eptifibatide dose used, early and more durable platelet inhibition was achieved compared with abciximab (P <.00001).<h4>Conclusion</h4>In drug dosages and patients similar to those enrolled in the current study, eptifibatide achieved durable platelet inhibition throughout drug infusion and was associated with lower in-hospital and 30-day costs compared with abciximab in patients undergoing elective PCI.",,2001,3,2001-03-01,26,"Comparative Study, Clinical Trial, Research Support, Non-U.S. Gov't, Multicenter Study, Randomized Controlled Trial, Journal Article",N,https://pubmed.ncbi.nlm.nih.gov/11231437/,https://europepmc.org/article/MED/11231437
abciximab,ReoPro,6.689,alias_in_title;alias_in_abstract;term_hits=3;recency=0.333;citedByCount=64;clinical_pubtype;clinical_hits=3,MED,15571828,15571828,10.1016/j.ehj.2004.09.018,Use of abciximab prior to primary angioplasty in STEMI results in early recanalization of the infarct-related artery and improved myocardial tissue reperfusion - results of the Austrian multi-centre randomized ReoPro-BRIDGING Study.,"<h4>Aims</h4>The aim of the ReoPro-BRIDGING Austrian multi-centre study was to investigate the effects of abciximab (ReoPro) on early reperfusion in ST-elevation myocardial infarction prior to or during primary percutaneous coronary angioplasty (pPCI).<h4>Methods and results</h4>Fifty-five patients with STEMI were randomized either to start abciximab (0.25 mg/kg bolus followed by 10 microg/min infusion) during the organization phase for pPCI (Group 1, n=28) or immediately before pPCI (Group 2, n=27). The time between first bolus of abciximab and first balloon inflation of pPCI was 83+/-18 vs 21+/-13 min in Group 1 vs 2. The pre-pPCI ST-segment resolution (55+/-21.4% vs 42.4+/-18.2%, p=0.005), TIMI flow grade 3 (29% vs 7%, p=0.042), corrected TIMI frame count (58.4+/-32.7 vs 78.9+/-28.4 frame, p=0.018) %diameter stenosis (76.3 /63.5-100/ vs 100 /73.5-100/; median /interquartile range/, p=0.023), were significantly higher in Group 1 vs Group 2. Quantitative myocardial dye intensity measurement revealed a significantly higher grade of myocardial tissue perfusion (1 /0-9.25/ vs 0 /0-3.0/ grey pixel unit, p=0.048) in Group 1 before pPCI. Rapid release of cardiac enzymes was observed in Group 1 as compared with Group 2: rate of rise of CK was 210+/-209 vs 97+/-95 U/l/h (p=0.015). QRS score indicated a smaller infarct size in Group 1 (4.8+/-3.8 vs 7.6+/-3.5, p=0.011) on day 7.<h4>Conclusion</h4>The use of abciximab in the organization phase for pPCI results in signs of early recanalization of the infarct-related artery and a subsequent improved myocardial tissue reperfusion.",,2004,12,2004-12-01,64,"Clinical Trial, Multicenter Study, Randomized Controlled Trial, Journal Article",N,https://pubmed.ncbi.nlm.nih.gov/15571828/,https://europepmc.org/article/MED/15571828
adalimumab,Humira,7.798,alias_in_title;alias_in_abstract;term_hits=2;recency=0.861;citedByCount=6;clinical_pubtype;clinical_hits=5;biophysical_hits=2;preclinical_hits=2,MED,37204631,37204631,10.1007/s40259-023-00600-x,"Assessing the Interchangeability of AVT02 and Humira<sup>®</sup> in Participants with Moderate‑to‑Severe Chronic Plaque Psoriasis: Pharmacokinetics, Efficacy, Safety, and Immunogenicity Results from a Multicenter, Double-Blind, Randomized, Parallel-Group Study.","<h4>Background</h4>The US Food and Drug Administration (FDA) interchangeability guidelines state that the primary endpoint in a switching study should assess the impact of switching between the proposed interchangeable product and the reference product on clinical pharmacokinetics (PK) and pharmacodynamics (if available), as these assessments are generally sensitive to changes in immunogenicity and/or exposure that may arise due to switching. In addition, interchangeability designation requires no clinically meaningful difference in safety and efficacy of switching between the biosimilar and reference, compared with when using the reference product alone.<h4>Objectives</h4> The aim of this study was to investigate the PK, immunogenicity, efficacy, and safety in participants undergoing repeated switches between Humira<sup>®</sup> and AVT02 as part of a global interchangeable development program.<h4>Methods</h4>This multicenter, randomized, double-blind, parallel-group study in patients with moderate-to-severe plaque psoriasis comprises three parts: lead-in period (weeks 1-12), switching module (weeks 12-28), and the optional extension phase (weeks 28-52). Following the lead-in period during which all participants received the reference product (80 mg in week 1, followed by 40 mg every other week), participants with a clinical response of ≥ 75% improvement in the Psoriasis Area and Severity Index (PASI75) were randomized 1:1 to receive AVT02 alternating with the reference product (switching arm) or reference product only (non-switching arm). At week 28, participants who were PASI50 responders could opt to take part in an open-label extension phase receiving AVT02 up to week 50, with an end of study visit at week 52. PK, safety, immunogenicity, and efficacy were evaluated at various timepoints throughout the study for both switching and non-switching arms.<h4>Results</h4>In total, 550 participants were randomized to switching (277) and non-switching arms (273). The switching versus non-switching arithmetic least square means ratio [90% confidence intervals (CIs)] was 101.7% (91.4-112.0%) for the area under the concentration-time curve over the dosing interval from weeks 26-28 (AUC<sub>tau, W26-28</sub>) and 108.1% (98.3-117.9%) for maximum concentration over the dosing interval from weeks 26-28 (C<sub>max, W26-28</sub>). The 90% CIs for the switching versus non-switching arithmetic means ratio for primary endpoints AUC<sub>tau, W26-28</sub> and C<sub>max, W26-28</sub> were within the prespecified limits of 80-125%, demonstrating comparable PK profiles between groups. In addition, the PASI, Dermatology Life Quality Index, and static Physician's Global Assessment efficacy scores were highly similar for both treatment groups. There were no clinically meaningful differences between the immunogenicity and safety assessments of repeated switching between AVT02 and the reference product, versus the reference product alone.<h4>Conclusions</h4>This study demonstrated that the risk, in terms of safety or diminished efficacy of switching between the biosimilar and the reference product, is not greater than the risk of using the reference product alone, as required by the FDA for interchangeability designation. Beyond the scope of interchangeability, a consistent long-term safety and immunogenicity profile, with no impact on the trough levels up to 52 weeks, was established.<h4>Clinical trial registration</h4>NCT04453137; date of registration: 1 July 2020.",,2023,5,2023-05-19,6,"research-article, Multicenter Study, Randomized Controlled Trial, Journal Article",Y,https://pubmed.ncbi.nlm.nih.gov/37204631/,https://europepmc.org/article/MED/37204631
adalimumab,Humira,7.724,alias_in_title;alias_in_abstract;term_hits=5;recency=0.905;citedByCount=0;clinical_pubtype;clinical_hits=7;biophysical_hits=2;preclinical_hits=1,MED,39546188,39546188,10.1007/s40261-024-01409-4,A Phase I Clinical Trial to Evaluate the Bioequivalence of an Adalimumab Biosimilar Adalimumab-WIBP and Humira<sup>®</sup>.,"<h4>Background and objectives</h4>The high costs associated with biological agents often limit accessibility for many patients, whereas biosimilars allow the wider application of biological treatment. The objectives of this phase I clinical trial were to compare the pharmacokinetics, immunogenicity, and safety profiles of the biosimilar adalimumab-WIBP and the reference product Humira<sup>®</sup> and to assess the precision of the bioequivalence evaluation.<h4>Methods</h4>In this randomized, double-blind, parallel-group bioequivalence study, 164 healthy male Chinese participants were selected and randomly divided into two groups on a 1:1 ratio. The subjects were administered a single 40 mg subcutaneous dose of either adalimumab-WIBP or Humira<sup>®</sup>. Blood samples extracted at multiple intervals after administration were analyzed to interpret pharmacokinetic parameters, and any adverse events were documented. Alongside ensuring safety measures, the subjects were monitored for immunogenicity.<h4>Results</h4>The pharmacokinetic results demonstrated similar serum concentration-time curves in both groups. There were no significant differences in safety and no differences in immunogenicity profiles between the two groups. The bioequivalence was confirmed: the 90% confidence interval for the geometric mean ratio of the main pharmacokinetic parameters was within the range of 80-125%.<h4>Conclusion</h4>The trial indicated the bioequivalence between adalimumab-WIBP and the reference product Humira<sup>®</sup> based on pharmacokinetics, immunogenicity, and safety profile. These findings reinforce the use of the adalimumab-WIBP biosimilar as a possible therapeutic alternative to Humira<sup>®</sup>.",,2024,11,2024-11-15,0,"Equivalence Trial, Clinical Trial, Phase I, Randomized Controlled Trial, Journal Article",N,https://pubmed.ncbi.nlm.nih.gov/39546188/,https://europepmc.org/article/MED/39546188
adalimumab,Humira,7.715,alias_in_title;alias_in_abstract;term_hits=6;recency=0.819;citedByCount=1;clinical_pubtype;clinical_hits=6;biophysical_hits=2;preclinical_hits=1,MED,34134579,34134579,10.1080/14712598.2021.1944097,"A randomized, double-blind, single-dose, two-way, parallel phase I clinical study comparing the pharmacokinetics and safety of adalimumab injecta and Humira® in healthy Chinese male volunteers.","<h4>Background</h4>Humira® is a fully humanized anti-tumor necrosis factor (TNF-α) monoclonal antibody that has been marketed and approved in the United States for the clinical treatment of rheumatoid arthritis (RA), ankylosing spondylitis, psoriasis and other immune-mediated diseases. This study compared the bioequivalence, immunogenicity and safety of adalimumab injecta (a biosimilar of Humira® produced by Chia Tai Tianqing Pharmaceutical Group Co., Ltd) and Humira® in healthy Chinese male subjects in a phase I clinical study.<h4>Methods</h4>Healthy Chinese male subjects (N = 164) were randomly given a subcutaneous injection of 40 mg adalimumab or Humira® at a 1:1 ratio. Plasma drug concentrations were detected by enzyme-linked immunosorbent assay (ELISA), and primary pharmacokinetic (PK) parameters were statistically analyzed. To evaluate drug immunogenicity, anti-drug antibody (ADA) and neutralizing antibody (nAb) levels were detected. To evaluate the safety of the drugs, the subjects' physical indicators, such as multiple vital signs and routine blood tests, were continuously monitored.<h4>Results</h4>The similarity ratios of adalimumab and Humira® PK parameters were all within 80%-125%, meeting the bioequivalence standards. Drug-induced ADA and nAb levels were similar, and the drug safety in subjects was also similar.<h4>Conclusions</h4>All study drugs showed similar bioequivalence, immunogenicity and safety.<h4>Clinical trial registration</h4>CTR20182070 (Chinese Clinical Trial Registry).",,2022,6,2021-06-30,1,"Research Support, Non-U.S. Gov't, Clinical Trial, Phase I, Randomized Controlled Trial, Journal Article",N,https://pubmed.ncbi.nlm.nih.gov/34134579/,https://europepmc.org/article/MED/34134579
adalimumab,adalimumab,7.62,alias_in_title;alias_in_abstract;term_hits=13;recency=1.000;citedByCount=0;clinical_pubtype;clinical_hits=5;biophysical_hits=1;preclinical_hits=1,MED,41954860,41954860,10.1007/s12325-026-03574-8,Comparative Study Assessing Multiple Switches Between Biosimilar ABP 501 (adalimumab-atto) and Adalimumab Reference Product in Patients with Plaque Psoriasis.,"<h4>Introduction</h4>ABP 501, now approved as AMJEVITA<sup>®</sup> (adalimumab-atto, USA)/AMGEVITA<sup>®</sup> (adalimumab, EU), is a biosimilar to adalimumab reference product (RP, Humira<sup>®</sup>) indicated for the treatment of various chronic inflammatory conditions. This multicenter, randomized, double-blind study aimed to investigate the impact of multiple switches between adalimumab RP and ABP 501 as compared with continued-use of adalimumab RP.<h4>Methods</h4>This study (NCT05073315) consisted of a 12-week lead-in period where adults with moderate-to-severe plaque psoriasis received adalimumab RP subcutaneously every 2 weeks (Q2W), followed by a double-blind, two-parallel arm period in which patients were randomized to either the continued-use group (adalimumab RP Q2W, weeks 12-28) or switching group (ABP 501, weeks 12 and 14; adalimumab RP, weeks 16 and 18; ABP 501 Q2W, weeks 20-28). The primary pharmacokinetic (PK) endpoints were area under the serum concentration-time curve (AUC<sub>tau</sub>) and maximum observed serum concentration (C<sub>max</sub>) between weeks 28 and 30. Secondary endpoints included additional PK assessments and measures of safety, immunogenicity, and efficacy.<h4>Results</h4>A total of 425 patients were enrolled across 85 centers. Adherence to dosing protocol and completion/discontinuation rates were similar between groups. The ratio of geometric least squares means (90% confidence interval; CI) between the continued-use group and switching group for AUC<sub>tau</sub> was 1.0516 (0.9010, 1.2273) and for C<sub>max</sub> was 1.0044 (0.8717, 1.1574); 90% CIs were contained within the prespecified similarity margin (0.8, 1.25). Secondary endpoints were comparable between groups. There were no new or concerning safety signals.<h4>Conclusion</h4>This study demonstrates PK similarity in patients with plaque psoriasis who underwent three treatment switches between adalimumab RP and ABP 501 as compared with those who received continuous treatment with adalimumab RP. Safety, immunogenicity, and efficacy profiles were comparable. Overall, results support the interchangeability designation of ABP 501 with adalimumab RP, consistent with the US Food and Drug Administration (2019) guidelines.<h4>Trial registration</h4>This study was registered as NCT05073315.",,2026,4,2026-04-09,0,"Clinical Trial, Phase III, Comparative Study, Multicenter Study, Randomized Controlled Trial, Journal Article, case-report",Y,https://pubmed.ncbi.nlm.nih.gov/41954860/,https://europepmc.org/article/MED/41954860
adalimumab,adalimumab,7.48,alias_in_title;alias_in_abstract;term_hits=7;recency=1.000;citedByCount=0;clinical_pubtype;clinical_hits=5;biophysical_hits=1,MED,41506743,41506743,10.1136/rmdopen-2025-005867,Effects of upadacitinib or adalimumab on pain in rheumatoid arthritis and psoriatic arthritis: results from randomised phase 3 studies.,"<h4>Introduction</h4>Patients with rheumatoid (RA) or psoriatic (PsA) arthritis can experience debilitating pain.<h4>Methods</h4>Post hoc analyses of phase 3, double-blind studies in patients with active disease despite treatment (SELECT-COMPARE, SELECT-PsA 1) assessed the effects of upadacitinib or adalimumab versus placebo on pain in patients with attenuation of inflammation (AoI) versus remaining inflammation at weeks 12 and 24/26 (PsA/RA). Further, a mediation analysis assessed the direct/indirect effect of treatment on pain using the Patient's Global Assessment of pain (PtGA) and 28 tender joint count (TJC28) at weeks 2/12/26 in RA, and weeks 16/24 in PsA.<h4>Results</h4>In patients with RA+AoI, PtGA scores improved more with upadacitinib (least squares mean change, -42.9) versus adalimumab (-34.7 (p<0.05)) or placebo (-33.1 (p<0.05)) at week 12 from baseline; improvements were similar across groups by week 26. For PsA+AoI, improvement was greater with upadacitinib (week 12, -2.7; week 24, -3.8) versus placebo (-1.8 (p<0.05); -2.8 (p<0.001), respectively) and similar to adalimumab (-2.8, -3.6). For RA, the direct effect on pain was nearly two times greater with upadacitinib versus placebo compared with adalimumab at weeks 12/26. For PsA, total effects on pain (TJC28 improvement) at weeks 16/24 were greater with upadacitinib (2.16 and 2.30) and adalimumab (1.35 and 1.71) versus placebo.<h4>Conclusions</h4>Upadacitinib effectively reduced pain in active RA and PsA, including in patients with AoI. The greater pain relief observed in RA with upadacitinib versus adalimumab might indicate both direct (relieving non-inflammatory pain) and indirect (suppressing inflammation) effects.",,2026,1,2026-01-08,0,"Clinical Trial, Phase III, Research Support, Non-U.S. Gov't, research-article, Randomized Controlled Trial, Journal Article",Y,https://pubmed.ncbi.nlm.nih.gov/41506743/,https://europepmc.org/article/MED/41506743
nivolumab,nivolumab,7.54,alias_in_title;alias_in_abstract;term_hits=6;recency=1.000;citedByCount=1;clinical_pubtype;clinical_hits=6;biophysical_hits=1,MED,41720427,41720427,10.1016/j.annonc.2026.02.011,"Cabozantinib plus nivolumab and ipilimumab in previously untreated, advanced renal cell carcinoma: final results and biomarker analyses from the phase III COSMIC-313 study.","<h4>Background</h4>Primary results from COSMIC-313 demonstrated significantly longer progression-free survival (PFS) with first-line cabozantinib plus nivolumab and ipilimumab versus placebo plus nivolumab and ipilimumab in patients with advanced renal cell carcinoma. Final efficacy and safety results, as well as data from exploratory biomarker analyses, are reported here.<h4>Patients and methods</h4>The design, participants, and primary-endpoint PFS outcomes have been reported previously for this phase III, double-blind, randomized (1 : 1) study of cabozantinib or placebo plus nivolumab and ipilimumab in adults with previously untreated, advanced clear cell renal cell carcinoma. The secondary endpoint was overall survival (OS) in the intention-to-treat population. Exploratory biomarker analyses investigated the potential association between immune cell types and gene signatures with clinical outcomes.<h4>Results</h4>After a median follow-up of 45.0 months, the updated median PFS in the cabozantinib (triplet) arm was longer than in the placebo (doublet) arm (16.6 versus 11.2 months; hazard ratio 0.82, 95% confidence interval 0.69-0.98). There was no significant difference in median OS (hazard ratio 1.02, 95% confidence interval 0.85-1.23, P = 0.84), and the safety profile was consistent with the earlier analysis (grade 3/4 treatment-related adverse events occurred in 75% and 43% of patients in the triplet and doublet arms, respectively). In patients with higher levels of M2-like macrophages, the triplet regimen was associated with significantly improved PFS and OS compared with the doublet regimen. Responders in the triplet arm exhibited elevated angiogenic signatures and reduced immune-related pathways, while responders in the doublet arm had robust immune activation.<h4>Conclusions</h4>Long-term results from COSMIC-313 continue to demonstrate a PFS benefit with the addition of cabozantinib to nivolumab and ipilimumab. There was no OS benefit and no new safety signals were observed. Exploratory biomarker analyses suggest adding cabozantinib to nivolumab and ipilimumab improves survival in patients with high levels of M2-like macrophages.",,2026,2,2026-02-18,1,"Clinical Trial, Phase III, Randomized Controlled Trial, Journal Article",N,https://pubmed.ncbi.nlm.nih.gov/41720427/,https://europepmc.org/article/MED/41720427
nivolumab,nivolumab,7.3,alias_in_title;alias_in_abstract;term_hits=4;recency=1.000;citedByCount=0;clinical_pubtype;clinical_hits=5,MED,42107346,42107346,10.1016/j.ejca.2026.116775,Randomized non-comparative phase II trial of nivolumab plus paclitaxel in subjects with recurrent/metastatic head and neck squamous cell carcinoma unable for cisplatin-based chemotherapy. NIVOTAX TTCC study.,"<h4>Background</h4>Patients with recurrent or metastatic head and neck squamous cell carcinoma (R/M HNSCC) who are ineligible for cisplatin have limited treatment options, and the role of chemoimmunotherapy in this population remains unexplored.<h4>Methods</h4>NIVOTAX was a randomized, non-comparative, multicenter, phase II trial evaluating paclitaxel plus nivolumab (nivotax) in previously untreated, platinum-ineligible R/M HNSCC (platinum-refractory, unfit, or cumulative dose ≥225 mg/m²). Patients were randomized 2:1 to weekly paclitaxel (80 mg/m²) plus biweekly nivolumab (240 mg) or weekly cetuximab (250 mg/m²) for 12 weeks, followed by maintenance nivolumab q4 weeks or weekly cetuximab for up to 24 months. The primary endpoint was 2-year overall survival (2yOS). Key secondary endpoints were median OS; progression-free survival (PFS), overall response rate (ORR) and safety.<h4>Results</h4>141 patients were randomized (nivotax, n = 93; Erbitax, n = 48). Baseline characteristics were balanced. After a median follow-up of 12.1 months (33.1 months for alive patients), 2yOS was 24.7% (95% CI 15.9-33.5) with nivotax and 13.4% (95% CI 3.6-23.2) with Erbitax. Median OS, PFS and ORR were similar in both arms. No differences were observed by age, PD-L1 CPS and Karnofsky Performance Scale. Grade > 3 treatment-related adverse events (AEs) occurred in 38% and 43% of patients, respectively. Higher mortality was observed in the nivotax arm (18% vs 8.3%) due to higher occurrence of respiratory AEs deemed treatment unrelated by investigators.<h4>Conclusions</h4>The primary endpoint of 2yOS was met. However, respiratory AEs and associated mortality emerged as a safety concern in the nivotax arm, limiting further evaluation of this regimen.",,2026,5,2026-05-06,0,"Clinical Trial, Phase II, Multicenter Study, Randomized Controlled Trial, Journal Article",N,https://pubmed.ncbi.nlm.nih.gov/42107346/,https://europepmc.org/article/MED/42107346
nivolumab,nivolumab,7.3,alias_in_title;alias_in_abstract;term_hits=10;recency=1.000;citedByCount=0;clinical_pubtype;clinical_hits=5,MED,41774886,41774886,10.1200/jco-25-01657,Nivolumab ± Ipilimumab in Patients With Pretreated Advanced Neuroendocrine Carcinoma: The GCO-001 NIPINEC Randomized Phase II Trial.,"<h4>Purpose</h4>There is no standard second-line therapy for gastroenteropancreatic (GEP) and lung large-cell neuroendocrine carcinoma (NEC) after the failure of platinum-based chemotherapy. This study aimed to investigate the efficacy of nivolumab ± ipilimumab.<h4>Methods</h4>The GCO-001-NIPINEC (ClinicalTrials.gov identifier: NCT03591731) trial was a noncomparative, open-label, phase II trial. The main inclusion criteria were age ≥18 years, performance status (PS) ≤2, advanced large- and small-cell GEP-NEC and large-cell lung NEC, and second- or third-line treatment for NECs refractory to platinum-based chemotherapy. Patients were randomly assigned (1:1) and stratified by age and PS to receive nivolumab (3 mg/kg/once every 2 weeks) ± ipilimumab (1 mg/kg/once every 6 weeks) for 2 years or until progression or unacceptable toxicity. The primary end point was objective response rate (ORR) at 8 weeks, assessed by investigators.<h4>Results</h4>A total of 185 patients (91 in the nivolumab arm and 94 in the nivolumab-ipilimumab arm) were enrolled between December 2018 and March 2021; 169 were analyzed (median age of 64.5 years, 71% male, 91% PS 0-1). The main primary tumor locations were lungs (50%), colorectal (15%), gastroesophageal (14%), and pancreatic (13%) regions. The ORR at 8 weeks was 7.2% (95% CI, 2.7 to 15.1]) in the nivolumab arm and 14.0% (95% CI, 7.4 to 23.1) in the nivolumab-ipilimumab arm. The best ORR was 9.6% and 20.9%, respectively, whereas the median progression-free and overall survival were approximately 2 months and 6 months in both arms. One treatment-related death occurred, in the nivolumab arm. The grade 3-4 adverse events (≥5%) were asthenia (13%), gamma-glutamyl transferase increase (10%), alkaline phosphatase increase (9%), dyspnea (7%), and anemia (6%) in the nivolumab-ipilimumab arm.<h4>Conclusion</h4>Nivolumab-ipilimumab could be a second-/third-line treatment option for patients with NECs. However, given the limited magnitude of benefit, studies are warranted to evaluate its use earlier and/or associated with chemotherapy.",,2026,3,2026-03-03,0,"Clinical Trial, Phase II, Multicenter Study, Randomized Controlled Trial, Journal Article",N,https://pubmed.ncbi.nlm.nih.gov/41774886/,https://europepmc.org/article/MED/41774886
nivolumab,nivolumab,7.3,alias_in_title;alias_in_abstract;term_hits=9;recency=1.000;citedByCount=0;clinical_pubtype;clinical_hits=5,MED,41747587,41747587,10.1016/j.esmoop.2026.106089,Nivolumab plus gemcitabine-cisplatin for unresectable or metastatic urothelial carcinoma: health-related quality-of-life analyses from the phase III CheckMate 901 trial.,"<h4>Background</h4>In the phase III CheckMate 901 trial, nivolumab plus standard-of-care gemcitabine-cisplatin chemotherapy followed by nivolumab monotherapy significantly prolonged overall survival and progression-free survival versus gemcitabine-cisplatin alone in cisplatin-eligible patients with unresectable or metastatic urothelial carcinoma (UC). Here, using patient-reported outcome (PRO) data from CheckMate 901, we report effects of adding nivolumab to gemcitabine-cisplatin on health-related quality of life (HRQoL).<h4>Patients and methods</h4>PRO assessments [European Organisation for Research and Treatment of Cancer Quality of Life Questionnaire-Core 30 (EORTC QLQ-C30) and EuroQol 5-Dimension 5-Level (EQ-5D-5L)] were scheduled for both arms through the first 6 months of treatment (combination phase), and for the nivolumab plus gemcitabine-cisplatin arm thereafter (monotherapy phase). The prespecified primary PRO scale of interest was QLQ-C30 global health status/quality of life (QoL). Secondary scales of interest included QLQ-C30 physical functioning, role functioning, and fatigue, and the EQ-5D-5L visual analog scale. Noninferiority analysis involved a mixed-effect model for repeated measures to estimate differences in least-squares mean changes from baseline to week 16. The proportions of patients with meaningful changes were calculated using prespecified thresholds.<h4>Results</h4>In total, 524 patients were analyzed (nivolumab plus gemcitabine-cisplatin, n = 276; gemcitabine-cisplatin alone, n = 248). Overall least-squares mean changes through week 16 indicated the noninferiority of nivolumab plus gemcitabine-cisplatin versus gemcitabine-cisplatin alone for global health status/QoL and all secondary scales. At week 16, the proportions of patients with meaningful changes in global health status/QoL (improvement, 29.2% versus 23.0%; deterioration, 28.3% versus 30.4%) and all secondary PRO scales were similar in both arms.<h4>Conclusions</h4>Adding nivolumab to gemcitabine-cisplatin did not worsen HRQoL compared with gemcitabine-cisplatin alone in the first 16 weeks of therapy. These findings support nivolumab plus gemcitabine-cisplatin as standard first-line therapy for cisplatin-eligible patients with unresectable or metastatic UC.",,2026,2,2026-02-26,0,"Clinical Trial, Phase III, research-article, Randomized Controlled Trial, Journal Article",Y,https://pubmed.ncbi.nlm.nih.gov/41747587/,https://europepmc.org/article/MED/41747587
nivolumab,nivolumab,7.3,alias_in_title;alias_in_abstract;term_hits=13;recency=1.000;citedByCount=0;clinical_pubtype;clinical_hits=5,MED,42386345,42386345,10.1136/jitc-2026-015501,Long-term follow-up from the OMNIVORE trial: response-adaptive nivolumab and ipilimumab in advanced renal cell carcinoma.,"<h4>Background</h4>Immune checkpoint inhibitor-based combinations represent the standard of care for advanced renal cell carcinoma. The OMNIVORE trial investigated a response-adaptive strategy, including treatment discontinuation in early nivolumab responders (Arm A) and salvage ipilimumab addition in non-responders (Arm B). Here we report outcomes with extended follow-up.<h4>Methods</h4>OMNIVORE was a phase II response-adaptive trial in which patients received induction nivolumab monotherapy. Patients achieving a confirmed complete or partial response discontinued nivolumab and entered observation (Arm A), while patients with stable disease or progressive disease received two doses of ipilimumab added to ongoing nivolumab (Arm B). This analysis characterizes long-term overall survival across the full study cohort and durability of response among patients who discontinued nivolumab following an early objective response.<h4>Results</h4>Of 83 patients who initiated treatment, 12 (14%) were allocated to Arm A and 57 (69%) to Arm B, with a median follow-up among living patients of 59.4 months (range 29.1-85.4 months) in Arm A and 31.4 months (range 4.6-62.6 months) in Arm B. The 3-year overall survival rate from nivolumab initiation was 64% (95% CI 51% to 74%) in the overall cohort, 83% (95% CI 48% to 96%) in Arm A, and 63% (95% CI 47% to 76%) in Arm B. Of the 12 Arm A patients, 6 (50%) remained off nivolumab at 1 year following treatment discontinuation, of whom 5 maintained responses beyond 43 months off therapy, with all remaining alive at last known follow-up, with overall survival ranging from 48.8 to 85.4 months from nivolumab initiation. Of the six patients who resumed treatment, only one achieved a durable complete response remaining on treatment at 83.2 months from nivolumab initiation. All 57 Arm B patients discontinued treatment with a median treatment duration of 3.7 months (range 1-24.8 months) and a median progression-free survival from nivolumab plus ipilimumab initiation of 4.6 months (95% CI 2.7 to 6.5 months).<h4>Conclusions</h4>With extended follow-up, a meaningful subset of patients achieving an early objective response to nivolumab maintained prolonged treatment-free survival following a short course of treatment. Salvage ipilimumab in nivolumab non-responders demonstrated limited benefit, reinforcing that upfront concurrent dual checkpoint blockade remains the preferred approach.<h4>Trial registration number</h4>NCT03203473.",,2026,7,2026-07-01,0,"Clinical Trial, Phase II, Adaptive Clinical Trial, Journal Article",N,https://pubmed.ncbi.nlm.nih.gov/42386345/,https://europepmc.org/article/MED/42386345
pembrolizumab,pembrolizumab,7.56,alias_in_title;alias_in_abstract;term_hits=7;recency=1.000;citedByCount=1;clinical_pubtype;clinical_hits=4;preclinical_hits=3,MED,42140743,42140743,10.1136/jitc-2025-014702,"Phase I trial of CJRB-101 plus pembrolizumab in patients with metastatic non-small cell lung cancer, head and neck squamous cell carcinoma and melanoma.","<h4>Background</h4>Dysbiosis of gut microbiome leads to resistance to immunotherapy in various advanced solid tumors. CJRB-101 is a live biotherapeutic product consisting of a novel strain belonging to the species <i>Leuconostoc mesenteroides</i>. To modulate the tumor microenvironment, CJRB-101 was combined with pembrolizumab.<h4>Methods</h4>Preclinical efficacy and mechanistic studies were performed using humanized non-small cell lung cancer (NSCLC) patient-derived xenograft (PDX) models. This is a multicenter, first-in-human, two-part, phase I, open-label study of CJRB-101 (1×10<sup>11</sup> or 4×10<sup>11</sup> colony forming unit (CFU)/day) plus pembrolizumab (200 mg every three weeks (Q3W)) in advanced NSCLC, melanoma, and head and neck squamous cell carcinoma in both immune checkpoint inhibitor (ICI)-naive and ICI-refractory settings. The primary endpoint was to assess the dose-limiting toxicities (DLTs), adverse events, and preliminary activity of the combination treatment. Exploratory endpoints included stool metagenomics analysis and pharmacodynamics parameters.<h4>Results</h4>In four PDX models, CJRB-101 with pembrolizumab demonstrated enhanced antitumor efficacy, showing a tumor growth inhibition (TGI) of 77.3% in the CJRB-101 monotherapy group and 61.9% in the combination group, which was significantly improved compared with pembrolizumab alone. A distinct M2-to-M1 repolarization was observed and validated in vitro. Notably, increased activation of cytotoxic T cells was observed, suggesting an immune-mediated antitumor mechanism of CJRB-101. A total of 42 patients were enrolled in the low-dose cohort (one capsule once a day; n=6) and high-dose cohort (two capsules two times a day, n=36). Metastatic NSCLC accounted for 86% (n=36) and 67% (n=28) of the patients were refractory to ICIs. None of the patients experienced DLT. In ICI-naïve NSCLC (n=12) with programmed death-ligand 1 (PD-L1) >50%, the overall response rate (ORR) and disease control rate (DCR) were 58% and 75%, respectively. The ORR was 5% and DCR was 41% in the ICI-refractory NSCLC (n=22) with an ORR of 5% and DCR of 41%. After a median follow-up of 15.6 months and 8.9 months for ICI-naïve and ICI-refractory NSCLC, the median progression-free survival was 9 months (95% CI 5.6 to not reached) and 1.8 months (95% CI 1.6 to 4.3), respectively. CJRB-101 plus pembrolizumab was well-tolerated, and none of the patients experienced grade <u>></u>3 treatment-related adverse events.<h4>Conclusions</h4>Early clinical data show encouraging antitumor response of CJRB-101 plus pembrolizumab in ICI-naïve metastatic NSCLC with PD-L1 <u>></u>50%.<h4>Trial registration number</h4>NCT05877430.",,2026,5,2026-05-15,1,"research-article, Multicenter Study, Clinical Trial, Phase I, Journal Article",Y,https://pubmed.ncbi.nlm.nih.gov/42140743/,https://europepmc.org/article/MED/42140743
pembrolizumab,pembrolizumab,7.38,alias_in_title;alias_in_abstract;term_hits=7;recency=1.000;citedByCount=0;clinical_pubtype;clinical_hits=5;biophysical_hits=1,MED,42025759,42025759,10.1016/j.annonc.2026.04.010,IO102-IO103 immune-modulatory cancer vaccine and pembrolizumab in melanoma.,"<h4>Background</h4>IO102-IO103, an investigational, immune-modulatory cancer vaccine, targets both tumor cells and immune-suppressive cells within the tumor microenvironment through activation and expansion of T cells against indoleamine 2,3-dioxygenase 1-positive and/or programmed death ligand 1 (PD-L1)-positive cells.<h4>Patients and methods</h4>This open-label, phase III trial randomly assigned 407 patients with untreated advanced melanoma in a 1:1 ratio to receive subcutaneous IO102-IO103 (85 μg each) plus pembrolizumab 200 mg intravenously every 3 weeks or pembrolizumab alone for up to 2 years. The primary endpoint was progression-free survival (PFS) by blinded independent central review per RECIST v1.1.<h4>Results</h4>The median PFS was 19.4 months [95% confidence interval (CI) 9.7 to not reached] for IO102-IO103 plus pembrolizumab versus 11.0 months (95% CI 6.0-14.8) for pembrolizumab [hazard ratio (HR) (95% CI) 0.77 (0.58-1.00), P = 0.0558]; the statistical significance threshold (P ≤ 0.045) was missed. A longer PFS was observed in the combination arm across most subgroups, notably in patients with PD-L1-negative tumors [median PFS 16.6 versus 3.0 months (HR 0.54, 95% CI 0.35-0.85)], anti-PD-1 naïve patients [24.8 versus 11.0 months (HR 0.74, 95% CI 0.56-0.98)], proto-oncogene B-Raf (BRAF)-mutated tumors, or elevated lactate dehydrogenase. There was no increase in the frequency of treatment-related adverse events grade ≥3 (14.5% versus 15.6%) or of serious adverse events (32.0% versus 32.3%) in the vaccine arm. Local vaccine-related injection site reactions were reported in 56.0% of patients and were mostly grade 1/2.<h4>Conclusions</h4>IO102-IO103 plus pembrolizumab prolonged PFS compared with pembrolizumab alone in patients with advanced melanoma in the first-line setting; however, statistical significance was missed for the primary endpoint. The combination was well tolerated with no added significant systemic toxicity. These data show the potential benefit of this combination in untreated advanced melanoma.",,2026,4,2026-04-21,0,"Clinical Trial, Phase III, Multicenter Study, Randomized Controlled Trial, Journal Article",N,https://pubmed.ncbi.nlm.nih.gov/42025759/,https://europepmc.org/article/MED/42025759
pembrolizumab,pembrolizumab,7.38,alias_in_title;alias_in_abstract;term_hits=9;recency=1.000;citedByCount=0;clinical_pubtype;clinical_hits=7;biophysical_hits=1,MED,41427951,41427951,10.1158/1078-0432.ccr-25-1197,INDUCE-3: A Randomized Phase II/III Study of First-line Feladilimab plus Pembrolizumab in Patients with Recurrent/Metastatic Head and Neck Squamous Cell Carcinoma.,"<h4>Purpose</h4>Feladilimab, an inducible T-cell costimulatory receptor agonist, demonstrated clinical activity in combination with pembrolizumab in a phase I head and neck squamous cell carcinoma (HNSCC) expansion cohort, prompting further evaluation in patients in this setting.<h4>Patients and methods</h4>INDUCE-3 (NCT04128696) was a randomized, double-blind, phase II/III study in patients with first-line PD-L1-positive recurrent and/or metastatic HNSCC. A 2-in-1 adaptive design was implemented, with an option to expand the phase II study into a phase III confirmatory study. Patients were randomized 1:1 to receive feladilimab plus pembrolizumab or placebo plus pembrolizumab, with up to 35 cycles of treatment for approximately 2 years. Primary endpoints were overall survival (OS) and investigator-assessed progression-free survival (PFS).<h4>Results</h4>The study enrolled 315 patients. Following the review of unblinded interim data in 140 patients, an Independent Data Monitoring Committee recommended stopping patient accrual based on prespecified criteria. Existing patients discontinued feladilimab or placebo. Pembrolizumab treatment continued until prespecified stopping criteria were met. This study demonstrated no evidence of an effect in favor of feladilimab plus pembrolizumab, with an adjusted HR of 1.51 for OS and 1.40 for PFS (median OS: 44.1 weeks [95% confidence interval (CI), 35.9-not applicable]; median PFS: 10.1 weeks [95% CI, 9.1-15]) versus placebo plus pembrolizumab [median OS: not reached; median PFS: 16 weeks (95% CI, 14.3-26.1)]. The incidence of treatment-related adverse events was higher in the placebo group.<h4>Conclusions</h4>This analysis does not support the combination of feladilimab plus pembrolizumab due to a lack of superiority over placebo plus pembrolizumab.",,2026,3,2026-03-01,0,"Clinical Trial, Phase III, Clinical Trial, Phase II, research-article, Multicenter Study, Randomized Controlled Trial, Journal Article",Y,https://pubmed.ncbi.nlm.nih.gov/41427951/,https://europepmc.org/article/MED/41427951
pembrolizumab,pembrolizumab,7.26,alias_in_title;alias_in_abstract;term_hits=8;recency=1.000;citedByCount=0;clinical_pubtype;clinical_hits=4;biophysical_hits=1,MED,41980235,41980235,10.1200/jco-25-02169,Efficacy of Perioperative Pembrolizumab in Mismatch Repair Deficient/Microsatellite Unstable Localized Colorectal Cancers: Results of the Phase II Trial IMHOTEP.,"<h4>Purpose</h4>Mismatch repair deficiency (dMMR) or microsatellite instability (MSI) represents a distinct phenotype among solid tumors resulting in the generation of highly immunogenic neoantigens. Pembrolizumab has been approved in first-line unresectable or metastatic dMMR/MSI colorectal cancers (CRC). We aimed to assess efficacy and tolerance of perioperative pembrolizumab in dMMR/MSI CRC.<h4>Patients and methods</h4>The prospective multicenter phase II trial IMHOTEP enrolled patients with localized resectable dMMR/MSI CRC to receive one or two cycles of IV pembrolizumab 400 mg once every 6 weeks before surgery and 1-year total duration thereafter. The primary end point was pathologic complete response (pCR) rate (ypT0N0). Secondary objectives included safety, event-free survival, and overall survival.<h4>Results</h4>IMHOTEP enrolled 81 patients with dMMR/MSI CRC who received at least one cycle of pembrolizumab from November 26, 2021, to February 22, 2023: median age was 66 (21-89) years, 46 (52%) were women, and 63 (71%) had clinical stage III disease at baseline. Out of the 72 patients included in the efficacy population, 38 patients (52.7% [95% CI, 41.4 to 63.9]) achieved a pCR. The exploratory post hoc analysis showed a pCR rate increased from 46% (23/50) after one cycle to 68.2% (15/22) after two cycles of neoadjuvant pembrolizumab (<i>P</i> = .0125). With a median follow-up of 24.5 (95% CI, 23.3 to 25.6) months, three disease recurrences occurred. Grade ≥3 immune-related toxicities were reported in 14 (15.7%) patients including one grade 5 (myasthenia).<h4>Conclusion</h4>The IMHOTEP trial showed promising results, with pCR achieved after one or two cycles of neoadjuvant pembrolizumab in 53% of patients with dMMR/MSI CRC. To our knowledge, this prospective study is the first to demonstrate the feasibility and the safety of perioperative pembrolizumab.",,2026,4,2026-04-14,0,"Clinical Trial, Phase II, Research Support, Non-U.S. Gov't, Multicenter Study, Journal Article",N,https://pubmed.ncbi.nlm.nih.gov/41980235/,https://europepmc.org/article/MED/41980235
pembrolizumab,pembrolizumab,7.26,alias_in_title;alias_in_abstract;term_hits=6;recency=1.000;citedByCount=0;clinical_pubtype;clinical_hits=4;biophysical_hits=1,MED,41935492,41935492,10.1016/j.ejca.2026.116709,A non-randomized phase 2 trial of pembrolizumab in untreated patients with carcinoma of unknown primary site.,"<h4>Background</h4>Carcinoma of unknown primary (CUP) is a heterogeneous group of cancers with no identifiable primary lesion, but metastatic epithelial disease. The diagnosis portends a poor prognosis with limited systemic therapy options. Researchers hypothesize that these primary lesions are occult, in part, due to anti-cancer immune surveillance.<h4>Methods</h4>This was a non-randomized, multi-center phase 2 trial of pembrolizumab administered at 200 mg intravenously every 3-weeks in patients with untreated CUP. The primary endpoint was measuring safety and objective response rate (ORR). Secondary objectives included progression free survival (PFS) and overall survival (OS).<h4>Results</h4>In total 33 patients were enrolled and 27 were evaluable. The median age was 64 (range 21-80), the majority were male (57.6%) and ECOG 1 (84.8%). There were no new signals of toxicity. The ORR was 11.1% (95% CI 2.35-29.16%) and disease control rate was 51.9% as per RECIST criteria. The median PFS and OS were 2.98 (95% CI 2.07-4.63) and 9.49 (95% CI 3.84-14.72) months respectively. The one patient who developed a complete response had mismatch repair (MMR) deficiency and has completed 2 years of therapy. Of the 2 patients with a partial response, one had an MMR proficient tumour, while the remaining 1 had unknown MMR status. Higher PD-L1 score was associated with response to pembrolizumab.<h4>Conclusions</h4>This is the first study investigating the safety and efficacy of pembrolizumab in untreated CUP patients. Some responses were observed, but this primary endpoint was not met. We recommend screening all CUP patients for MMR/microsatellite instability (MSI). Future studies should evaluate combination therapies with pembrolizumab.<h4>Trials registration</h4>Pembrolizumab in Patients with Poor-Prognosis Carcinoma of Unknown Primary Site (CUP); ClinicalTrials.gov Identifier: NCT03391973; https://clinicaltrials.gov/study/NCT03391973?cond=CUP&term=Monzon&rank= 1.",,2026,3,2026-03-31,0,"Clinical Trial, Phase II, Multicenter Study, Journal Article",N,https://pubmed.ncbi.nlm.nih.gov/41935492/,https://europepmc.org/article/MED/41935492
rituximab,MabThera,7.841,alias_in_title;alias_in_abstract;term_hits=2;recency=0.741;citedByCount=34;clinical_pubtype;clinical_hits=5;biophysical_hits=2;preclinical_hits=2,MED,31820339,31820339,10.1007/s40259-019-00398-7,"A Randomized, Double-Blind, Efficacy and Safety Study of PF-05280586 (a Rituximab Biosimilar) Compared with Rituximab Reference Product (MabThera&lt;sup&gt;®&lt;/sup&gt;) in Subjects with Previously Untreated CD20-Positive, Low-Tumor-Burden Follicular Lymphoma (LTB-FL).","<h4>Background</h4>Biosimilars are highly similar to the licensed biologic (""reference product""), with no clinically meaningful differences in safety, purity, or potency between the two products.<h4>Objective</h4>This comparative 52-week clinical study evaluated the efficacy, safety, immunogenicity, pharmacokinetics (PK), and pharmacodynamics (PD) of PF-05280586 (Ruxience™ [a rituximab biosimilar]) versus rituximab reference product sourced from the EU (MabThera<sup>®</sup>; rituximab-EU).<h4>Patients and methods</h4>Subjects with CD20-positive, low-tumor-burden follicular lymphoma (LTB-FL) and an Eastern Cooperative Oncology Group performance status 0-1 were randomized (1:1) to PF-05280586 or rituximab-EU (375 mg/m<sup>2</sup> intravenously [once weekly for 4 weeks at days 1, 8, 15, and 22]), stratified using the Follicular Lymphoma International Prognostic Index 2 classification. The primary endpoint was overall response rate (ORR) at week 26 (percentage of subjects achieving complete response [CR] or partial response [PR]). Therapeutic equivalence was concluded if the two-sided 95% confidence interval (CI) for the difference in ORR between groups was within the prespecified margin (± 16%). Secondary endpoints included progression-free survival (PFS), CR rate, safety, immunogenicity, PK, and PD.<h4>Results</h4>A total of 394 subjects were randomized: PF-05280586 (n = 196) or rituximab-EU (n = 198). ORR at week 26 was 75.5% (PF-05280586) versus 70.7% (rituximab-EU), for a difference of 4.66%; 95% CI (- 4.16 to 13.47), which was entirely within the prespecified equivalence margin. Rates of CR were 29.3% (PF-05280586) versus 31.0% (rituximab-EU). Estimated 1-year PFS rates were 78.2% (95% CI 70.2-84.2) and 83.0% (95% CI 75.0-88.6) for PF-05280586 and rituximab-EU, respectively. Safety, immunogenicity, and mean serum concentrations were similar between groups.<h4>Conclusions</h4>The efficacy, safety, immunogenicity, PK, and PD of PF-05280586 and rituximab-EU were similar up to week 52 in subjects with previously untreated CD20-positive LTB-FL.<h4>Clinical trial registration</h4>ClinicalTrials.gov, NCT02213263 and EudraCT (2014-000132-41).",,2020,4,2020-04-01,34,"research-article, Randomized Controlled Trial, Journal Article",Y,https://pubmed.ncbi.nlm.nih.gov/31820339/,https://europepmc.org/article/MED/31820339
rituximab,MabThera,7.556,alias_in_title;alias_in_abstract;term_hits=2;recency=0.705;citedByCount=22;clinical_pubtype;clinical_hits=4;biophysical_hits=2;preclinical_hits=2,MED,31809224,31809224,10.1200/jgo.19.00248,"Randomized, Double-Blind, Pharmacokinetic Equivalence Trial Comparing DRL-Rituximab With MabThera in Patients With Diffuse Large B-Cell Lymphoma.","<h4>Purpose</h4>We sought to compare the pharmacokinetics (PKs) of DRL-rituximab (DRL_RI; potential biosimilar) and innovator rituximab MabThera (Roche, Grenzach-Wyhlen, Germany; reference medicinal product [RMP]) in patients with diffuse large B-cell lymphoma (DLBCL). Efficacy, pharmacodynamics (PDs), safety, and immunogenicity were also compared.<h4>Patients and methods</h4>We conducted a double-blind, parallel-group study in patients with untreated DLBCL who were eligible to receive cyclophosphamide, doxorubicin, vincristine, and prednisone (CHOP) therapy. Patients were randomly assigned at a one-to-one ratio to receive DRL_RI or RMP for six 21-day cycles of rituximab plus CHOP, with 18 months of follow-up after day 1, cycle 6 (C6). Primary end point was C1 PKs, measured as area under the plasma concentration-time curve from day 0 to 21 (AUC<sub>0-21 days</sub>) and maximum plasma concentration (C<sub>max</sub>). Equivalence was defined as 90% CIs for the DRL_RI/RMP geometric mean ratios (GMRs) within 80% and 125%. Secondary end points included efficacy noninferiority measured by objective response rate (ORR) at C6 and event-free survival and overall survival at 87 weeks, PK equivalence at C6 and PD equivalence (rate of B-cell depletion and repletion), safety, and immunogenicity. The trial was stopped after sufficient patients for primary end point evaluation were enrolled. Secondary end points are reported as observed.<h4>Results</h4>A total of 151 patients were randomly assigned (DRL_RI, n = 76; RMP, n = 75). DRL_RI/RMP GMRs for AUC<sub>0-21 days</sub> and C<sub>max</sub> in C1 were 99.77 (90% CI, 87.60 to 113.63) and 96.19 (90% CI, 88.65 to 104.38), respectively. ORR at C6 for DRL_RI and RMP were 82.0% and 84.8%, respectively. Rates of B-cell depletion/repletion, immunogenicity, and adverse events were comparable in both groups.<h4>Conclusion</h4>DRL_RI and RMP had equivalent PKs, with comparable efficacy, PDs, safety, and immunogenicity.",,2019,11,2019-11-01,22,"Equivalence Trial, Research Support, Non-U.S. Gov't, research-article, Randomized Controlled Trial, Journal Article",Y,https://pubmed.ncbi.nlm.nih.gov/31809224/,https://europepmc.org/article/MED/31809224
rituximab,rituximab,7.48,alias_in_title;alias_in_abstract;term_hits=4;recency=1.000;citedByCount=0;clinical_pubtype;clinical_hits=5;biophysical_hits=1,MED,41989666,41989666,10.1007/s10147-026-03012-3,"Efficacy of bepotastine compared with hydroxyzine in preventing rituximab-induced infusion-related reactions in non-hodgkin lymphoma patients: a phase II, double-blind, multicenter, and randomized trial.","<h4>Background</h4>This study evaluated the efficacy of hydroxyzine and bepotastine, first- and second-generation H1 receptor antagonists (H1RA), as pretreatments to prevent infusion-related reactions (IRRs) during the initial rituximab infusion in patients with non-Hodgkin lymphoma.<h4>Methods</h4>In this double-blind, multicenter, randomized phase II study, 40 patients received hydroxyzine or bepotastine with acetaminophen 30 min before rituximab infusion. Primary endpoint was incidence of ≥ grade 2 IRRs based on the National Cancer Institute Common Terminology Criteria for Adverse Events. Secondary endpoints included IRRs severity, time to IRR onset, and H1RA-induced drowsiness.<h4>Results</h4>Incidence of ≥ grade 2 IRRs was 52.4% and 31.6% for the hydroxyzine (n = 21) and bepotastine (n = 19) groups, respectively (P = 0.184). Distribution of initial and maximum IRR grades in the two groups was not statistically significant (P = 0.846 and 0.555). Median time (range) to IRR onset in the two groups was 67 (12-112) and 62 (10-119) min, respectively (P = 0.981). Median visual analog scale score (range and 75th percentile) for drowsiness was 37 (0-100, 46) and 12 (0-100, 29) mm in the two groups, respectively (P = 0.138). Incidence of ≥ grade 2 IRRs in the absence of bone marrow infiltration was 43.8% and 14.3% in the two groups, respectively (P = 0.118), and no group differences were observed with bone marrow infiltration.<h4>Conclusions</h4>Bepotastine did not show significant superiority over hydroxyzine in preventing rituximab-induced IRRs due to the small sample size. Nevertheless, this exploratory study provides insight for further confirmatory studies. TRIAL REGISTRATION NUMBER AND DATE OF REGISTRATION: jRCTs051220169; February 14, 2023.",,2026,4,2026-04-16,0,"Clinical Trial, Phase II, research-article, Multicenter Study, Randomized Controlled Trial, Journal Article",Y,https://pubmed.ncbi.nlm.nih.gov/41989666/,https://europepmc.org/article/MED/41989666
rituximab,MabThera,7.404,alias_in_title;alias_in_abstract;term_hits=3;recency=0.819;citedByCount=6;clinical_pubtype;clinical_hits=8;biophysical_hits=1,MED,35858181,35858181,10.1002/hon.3054,"Comparison of efficacy and safety of ripertamab (SCT400) versus rituximab (Mabthera<sup>®</sup> ) in combination with CHOP in patients with previously untreated CD20-positive diffuse large B-cell lymphoma: A randomized, single-blind, phase III clinical trial.","This study compared the efficacy, safety and immunogenicity of ripertamab (SCT400) and rituximab (Mabthera<sup>®</sup> ) combined with CHOP as the first-line treatment for Chinese patients with CD20-positive diffuse large B cell lymphoma (DLBCL). This is a randomized, patient-blind, multicenter, active-control, non-inferiority study with parallel design. Patients were randomly (2:1) to receive ripertamab combined with CHOP (S-CHOP) or rituximab (Mabthera<sup>®</sup> ) combined with CHOP (R-CHOP) for up to 6 cycles. The primary endpoint was the Independent Review Committee (IRC) assessed objective response rate (ORR) in full analysis set (FAS) and the per protocol set (PPS). A total of 364 patients (243 in the S-CHOP and 121 in the R-CHOP groups) were enrolled in this study. In FAS, IRC-assessed ORRs were 93.8% (95% confidence interval (CI) 90.0%, 96.5%) and 94.2% (95% CI: 88.4%, 97.6%) in the S-CHOP and R-CHOP groups (p = 0.9633), respectively. The ORR difference between the two groups -0.4% (95% CI: -5.5%, 4.8%) met the pre-specified non-inferiority margin of -12%. There were no significant differences between the S-CHOP and R-CHOP groups in 1-year progression-free survival rates (81.1% vs. 83.2%, p = 0.8283), 1 year event-free survival rates (56.2% vs. 58.1%, p = 0.8005), and 3-year overall survival rates (81.0% vs. 82.8%, p = 0.7183). The results in PPS were consistent with those in FAS. The rates of treatment-emergent adverse events (TEAEs) and ≥ grade 3 TEAEs were 97.9% and 99.2%, 85.2% and 86.0% in the S-CHOP and R-CHOP groups, respectively in safety set. The percentage of anti-drug antibodies positive patients in the S-CHOP group was numerically lower than the R-CHOP group (10.9% vs. 16.0%). This study demonstrated that S-CHOP was not inferior to R-CHOP in the first-line treatment of Chinese patients with CD20-positive DLBCL in efficacy, safety and immunogenecity. S-CHOP could be an alternative first-line standard treatment regimen for this patient population.",,2022,8,2022-08-12,6,"Clinical Trial, Phase III, Equivalence Trial, Multicenter Study, Randomized Controlled Trial, Journal Article",N,https://pubmed.ncbi.nlm.nih.gov/35858181/,https://europepmc.org/article/MED/35858181
rituximab,rituximab,7.3,alias_in_title;alias_in_abstract;term_hits=3;recency=1.000;citedByCount=0;clinical_pubtype;clinical_hits=5,MED,41990300,41990300,10.1200/jco-25-01770,Lenalidomide Plus Rituximab for Relapsed/Refractory Indolent Non-Hodgkin Lymphoma: 5-Year Follow-Up and Subgroup Analyses From the Phase III AUGMENT Trial.,"The phase III AUGMENT trial (ClinicalTrials.gov identifier: NCT01938001) demonstrated improved efficacy for lenalidomide plus rituximab (R<sup>2</sup>) versus rituximab with placebo (R-placebo) in patients with relapsed or refractory (R/R) indolent non-Hodgkin lymphoma (iNHL). Here, we present the long-term follow-up results and prespecified subgroup analyses of patients with follicular lymphoma (FL), including those 70 years and older. Patients with R/R grade 1 to 3a iNHL were randomly assigned 1:1 to receive R<sup>2</sup> or R-placebo. In this long-term follow-up report, progression-free survival (PFS) was assessed per the investigator. Secondary end points included overall survival (OS) and safety. Of the 358 randomly assigned patients (intent-to-treat [ITT] population), 295 had FL (≥70 years, n = 66). At long-term follow-up (median, 65.9 months), in the ITT iNHL population, PFS (hazard ratio [HR], 0.50 [95% CI, 0.38 to 0.66]) and OS (HR, 0.59 [95% CI, 0.37 to 0.95]) were improved with R<sup>2</sup> versus R-placebo. Safety findings were consistent with the primary analysis. Improved long-term efficacy with R<sup>2</sup> versus R-placebo and manageable safety with R<sup>2</sup> were observed in patients with FL, including those 70 years and older. With a follow-up of >5 years, data from the AUGMENT trial continue to support the use of R<sup>2</sup> as a standard of care for patients with R/R iNHL.",,2026,4,2026-04-16,0,"Clinical Trial, Phase III, Multicenter Study, Randomized Controlled Trial, Journal Article",N,https://pubmed.ncbi.nlm.nih.gov/41990300/,https://europepmc.org/article/MED/41990300
trastuzumab,Herceptin,7.524,alias_in_title;alias_in_abstract;term_hits=2;recency=0.905;citedByCount=0;clinical_pubtype;clinical_hits=5;biophysical_hits=2;preclinical_hits=1,MED,38564097,38564097,10.1007/s13318-024-00889-1,"A Phase I Clinical Study Comparing the Pharmacokinetics, Safety, and Immunogenicity of GB221 Injection and Trastuzumab (Herceptin<sup>®</sup>) in Healthy Chinese Adults.","<h4>Background and objective</h4>GB221 is a recombinant humanized anti-HER2 monoclonal antibody. The purpose of this study was to evaluate the pharmacokinetic, safety, and immunogenicity of GB221 in healthy Chinese adults in comparison to trastuzumab (Herceptin<sup>®</sup>).<h4>Methods</h4>In this randomized, double-blind, parallel-group phase I clinical trial, 88 subjects were randomized 1:1 to receive a single intravenous infusion (90-100 min) of GB221 or trastuzumab (6 mg/kg). The primary pharmacokinetic parameters-maximum observed serum concentration (C<sub>max</sub>), area under the serum concentration-time curve from zero to the last quantifiable concentration at time t (AUC<sub>0-t</sub>), and area under the serum concentration-time curve from time zero to infinity (AUC<sub>0-∞</sub>)-of GB221 and trastuzumab were compared to establish whether the 90% confidence interval (CI) attained the 80-125% bioequivalence standard. Safety and immunogenicity were also evaluated.<h4>Results</h4>The GB221 group (n = 43) and the trastuzumab group (n = 44) showed similar pharmacokinetic characteristics. The geometric mean ratios (90% CI) of C<sub>max</sub>, AUC<sub>0-t,</sub> and AUC<sub>0-∞</sub> between the two groups were 107.53% (102.25-113.07%), 108.31% (103.57-113.26%), and 108.34% (103.57-113.33%), respectively. The incidence of treatment-emergent adverse events (TEAEs) was 83.7% (36/43) of the subjects in the GB221 group and 95.5% (42/44) of the subjects in the trastuzumab group. No subjects withdrew from the trial due to TEAEs, and there were no occurrences of serious adverse events. All subjects tested negative for antidrug antibodies (ADA).<h4>Conclusion</h4>GB221 demonstrated similar pharmacokinetics to trastuzumab and comparable safety and immunogenicity in healthy Chinese adults.",,2024,4,2024-04-02,0,"Comparative Study, Clinical Trial, Phase I, Randomized Controlled Trial, Journal Article",N,https://pubmed.ncbi.nlm.nih.gov/38564097/,https://europepmc.org/article/MED/38564097
trastuzumab,Herceptin,7.364,alias_in_title;alias_in_abstract;term_hits=2;recency=0.905;citedByCount=1;clinical_pubtype;clinical_hits=4;biophysical_hits=2;preclinical_hits=1,MED,38237093,38237093,10.1200/go.22.00328,"Efficacy, Safety, Pharmacokinetics, and Immunogenicity of DRL-Trastuzumab Versus Herceptin in Human Epidermal Growth Factor Receptor 2-Positive Metastatic Breast Cancer: A Randomized Controlled Trial.","<h4>Purpose</h4>Dr Reddy's Laboratories Trastuzumab (DRL_TZ) is a biosimilar to Herceptin under development. The present study was conducted to evaluate efficacy, safety, pharmacokinetics (PKs), and immunogenicity of DRL_TZ in comparison with the reference medicinal product (RMP) along with concomitant weekly paclitaxel in patients with human epidermal growth factor receptor 2 (HER2)-positive metastatic breast cancer (MBC).<h4>Methods</h4>This was a randomized, double-blind study in female patients with HER2-positive MBC, randomly assigned in a 1:1 ratio to receive either DRL_TZ or the RMP, that is, an innovator product sourced from the European region, along with additional chemotherapy, as first-line treatment for up to 24 weeks. The primary end point was the best overall response rate (ORR) as per RECIST 1.1 criteria. Progression-free survival rate at 6 months (PFS6), safety, immunogenicity, and PK parameters were assessed as secondary end points.<h4>Results</h4>A total of 164 patients were randomly assigned to receive either DRL_TZ or the RMP. Best ORR in the per-protocol population was comparable, 91.9% (93.3% CI, 83.2 to 96.3) versus 82.1% (93.3% CI, 72.0 to 89.1) in DRL_TZ and RMP arms, respectively; the difference between the arms was 9.8% with a 93.3% CI of -1.3 to 20.8. The PFS6 rate, safety, PK profile, and antidrug antibody incidence were comparable. An additional 44 patients were recruited in the postrandomization phase, in an open-label manner, and started on DRL_TZ to generate more data on efficacy, safety, and immunogenicity. The additional data with DRL_TZ, when pooled, were similar to the RMP data.<h4>Conclusion</h4>DRL_TZ was found to have similar efficacy and comparable safety, PK, and immunogenicity profiles as the RMP.",,2024,1,2024-01-01,1,"research-article, Randomized Controlled Trial, Journal Article",Y,https://pubmed.ncbi.nlm.nih.gov/38237093/,https://europepmc.org/article/MED/38237093
trastuzumab,trastuzumab,7.3,alias_in_title;alias_in_abstract;term_hits=8;recency=1.000;citedByCount=0;clinical_pubtype;clinical_hits=6,MED,42098463,42098463,10.1007/s10147-025-02935-7,"The fixed-dose combination of pertuzumab and trastuzumab for subcutaneous injection in Chinese patients with HER2-positive early breast cancer: primary analysis of the phase III, randomized FDChina study.","<h4>Background</h4>Neoadjuvant fixed-dose combination of pertuzumab and trastuzumab for subcutaneous injection (PH FDC SC) demonstrated non-inferior cycle 7 pertuzumab and trastuzumab serum trough concentrations (C<sub>trough</sub>), and similar total pathological complete response (tpCR) rates and safety, to intravenous pertuzumab plus trastuzumab (P + H IV) in HER2-positive early breast cancer (eBC). In the FDChina study (NCT04024462), we assessed neoadjuvant-adjuvant PH FDC SC vs. P + H IV in Chinese patients with HER2-positive eBC.<h4>Methods</h4>Patients received four doxorubicin (60 mg/m<sup>2</sup>) plus cyclophosphamide (600 mg/m<sup>2</sup>), then four docetaxel (75-100 mg/m<sup>2</sup>) cycles, every 3 weeks. Patients were randomized 1:1 to PH FDC SC (loading: 1200 mg pertuzumab/600 mg trastuzumab; maintenance: 600 mg/600 mg) or P + H IV (loading: 840 mg/8 mg/kg; maintenance: 420 mg/6 mg/kg) alongside docetaxel before surgery. Patients then continued HER2-targeted therapy for 14 cycles. Co-primary non-inferiority endpoints: cycle 7 pertuzumab and trastuzumab C<sub>trough</sub>. Secondary endpoints: tpCR, long-term efficacy, safety.<h4>Results</h4>The lower bounds of the 90% confidence intervals of pertuzumab and trastuzumab cycle 7 geometric mean ratios (0.99 and 1.44, respectively) exceeded the pre-specified non-inferiority margin (0.8). tpCR rates were 55.6% for PH FDC SC vs. 56.4% for P + H IV. Grade ≥ 3 adverse events occurred in 72% vs. 69% of patients.<h4>Conclusion</h4>The study met the co-primary endpoints of non-inferiority of cycle 7 serum C<sub>trough</sub> for pertuzumab and trastuzumab for PH FDC SC vs. P + H IV. tpCR rates and safety were comparable between arms. PH FDC SC may be a viable treatment option for Chinese patients with HER2-positive eBC.",,2026,5,2026-05-07,0,"Clinical Trial, Phase III, Multicenter Study, Randomized Controlled Trial, Journal Article",N,https://pubmed.ncbi.nlm.nih.gov/42098463/,https://europepmc.org/article/MED/42098463
trastuzumab,trastuzumab,7.3,alias_in_title;alias_in_abstract;term_hits=7;recency=1.000;citedByCount=0;clinical_pubtype;clinical_hits=5,MED,41335375,41335375,10.1158/1078-0432.ccr-25-2882,"Palbociclib, Trastuzumab, and Endocrine Therapy in Pretreated HER2-Positive and PAM50 Luminal Advanced Breast Cancer: Randomized Phase II, SOLTI-1303 PATRICIA Trial.","<h4>Purpose</h4>Based on the results from SOLTI-PATRICIA trial (NCT02448420) cohorts A/B, a direct comparison with standard-of-care treatments is needed to evaluate the efficacy and safety of palbociclib, trastuzumab, and endocrine therapy (ET) in PAM50 luminal A/B pretreated patients.<h4>Patients and methods</h4>SOLTI-PATRICIA cohort C is a randomized, multicenter, prospective, open-label, phase II study. Pretreated patients with HER2-positive, hormone receptor-positive, and PAM50 luminal A/B advanced breast cancer were randomized 1:1 to receive either i) the triplet regimen or ii) trastuzumab-based treatment of physician's choice (TPC). Patients allocated in the TPC arm were eligible for re-randomization upon disease progression, if the inclusion criteria were still met. The primary endpoint was investigator-assessed progression-free survival (PFS) per RECIST version 1.1.<h4>Results</h4>A total of 264 participants were prescreened from August 2019 to 2023, and 73 patients were randomly assigned (including seven re-randomizations). In the TPC arm, 48.5% were treated with trastuzumab plus chemotherapy, 39.4% with trastuzumab emtansine, and 12.1% with trastuzumab plus ET. The triplet was associated with a significantly better PFS compared with TPC [stratified hazard ratio = 0.52; 95% confidence interval (CI), 0.29-0.95; two-sided P = 0.03]. PFS rates after 24 months were 24.0% with the triplet and 4.3% in the TPC arm. The overall response rate was 18.9% (95% CI, 8.6-35.7) and 7.1% (95% CI, 1.2-25.0), respectively. In the triplet arm, grade ≥3 adverse events occurred in 61.5% of patients, with neutropenia being the most frequent (53.9%). No permanent discontinuations due to toxicity were observed.<h4>Conclusions</h4>Combining palbociclib, trastuzumab, and ET was safe and significantly improved PFS, compared with TPC, in previously treated patients with HER2-positive, PAM50 luminal A/B advanced breast cancer.",,2026,2,2026-02-01,0,"Clinical Trial, Phase II, Multicenter Study, Randomized Controlled Trial, Journal Article",N,https://pubmed.ncbi.nlm.nih.gov/41335375/,https://europepmc.org/article/MED/41335375
trastuzumab,trastuzumab,7.3,alias_in_title;alias_in_abstract;term_hits=6;recency=1.000;citedByCount=0;clinical_pubtype;clinical_hits=5,MED,41870735,41870735,10.1007/s10120-026-01731-0,Efficacy and safety of trastuzumab biosimilar CT-P6 plus SOX or CapeOX in HER2-positive advanced gastric cancer: a multicenter phase II KSCC-TROX study.,"BACKGROUND: Trastuzumab-based chemotherapy is the standard first-line treatment for HER2-positive advanced gastric cancer. While biosimilars of trastuzumab have demonstrated equivalent efficacy in breast cancer, their clinical utility in gastric cancer remains poorly characterized. The TROX study evaluated the efficacy and safety of a trastuzumab biosimilar (CT-P6) combined with SOX or CapeOX in this population. METHODS: This multicenter, open-label, non-comparative phase II trial enrolled patients with HER2-positive unresectable or recurrent gastric cancer who had not received prior chemotherapy. Patients were randomized to receive CT-P6 with either SOX (S-1 and oxaliplatin) or CapeOX (capecitabine and oxaliplatin). The primary endpoint was overall response rate (ORR), with a threshold ORR of 43% based on prior trastuzumab trials. Secondary endpoints included progression-free survival (PFS), overall survival (OS), and safety. RESULTS: From May 2019 to November 2022, 67 patients were randomized; 34 in the SOX arm and 32 in the CapeOX arm were included in the efficacy analysis. The overall ORR was 77.3% (90% CI: 68.8–85.8%), exceeding the predefined threshold. The median PFS and OS were 9.0 months (95% CI: 6.5–10.7) and 18.6 months (95% CI: 15.1–23.1), respectively. Grade 3–4 adverse events included hypokalemia (18.2%), neutropenia (15.2%), anorexia (12.1%), and peripheral neuropathy (10.6%). No treatment-related deaths were reported. CONCLUSIONS: CT-P6 combined with SOX or CapeOX demonstrated high efficacy and manageable toxicity as first-line therapy for HER2-positive gastric cancer. This study supports the clinical use of trastuzumab biosimilars as cost-effective alternatives to originator biologics in gastric cancer treatment.",,2026,3,2026-03-23,0,"Clinical Trial, Phase II, Multicenter Study, Randomized Controlled Trial, Journal Article",N,https://pubmed.ncbi.nlm.nih.gov/41870735/,https://europepmc.org/article/MED/41870735
